{
    "Ar36": {
        "error": 0.00025595826193493585, 
        "filter_outliers_dict": {
            "filter_outliers": true, 
            "iterations": 1, 
            "std_devs": 2
        }, 
        "fit": "Linear", 
        "value": 0.013683803388555845
    }, 
    "Ar37": {
        "error": 0.012178597465507056, 
        "filter_outliers_dict": {
            "filter_outliers": true, 
            "iterations": 1, 
            "std_devs": 2
        }, 
        "fit": "linear", 
        "value": 0.0849416449683499
    }, 
    "Ar38": {
        "error": 0.0039279252890199, 
        "filter_outliers_dict": {
            "filter_outliers": true, 
            "iterations": 1, 
            "std_devs": 2
        }, 
        "fit": "linear", 
        "value": 0.3399882766690995
    }, 
    "Ar39": {
        "error": 0.01423150927928492, 
        "filter_outliers_dict": {
            "filter_outliers": true, 
            "iterations": 1, 
            "std_devs": 2
        }, 
        "fit": "Linear", 
        "value": 26.951935499404215
    }, 
    "Ar40": {
        "error": 0.02885075035117657, 
        "filter_outliers_dict": {
            "filter_outliers": true, 
            "iterations": 1, 
            "std_devs": 2
        }, 
        "fit": "Linear", 
        "value": 284.66739716202676
    }, 
    "PM41": {
        "error": 0.06901741219285398, 
        "filter_outliers_dict": {
            "filter_outliers": false, 
            "iterations": 1, 
            "std_devs": 2
        }, 
        "fit": "linear", 
        "value": -0.10970735875335058
    }
}