{
    "Ar36": {
        "error": 0.002150858551023285, 
        "filter_outliers_dict": {
            "filter_outliers": true, 
            "iterations": 1, 
            "std_devs": 2
        }, 
        "fit": "Linear", 
        "value": 0.6662839054400189
    }, 
    "Ar37": {
        "error": 0.01032831438632872, 
        "filter_outliers_dict": {
            "filter_outliers": true, 
            "iterations": 1, 
            "std_devs": 2
        }, 
        "fit": "linear", 
        "value": 0.47951493041494625
    }, 
    "Ar38": {
        "error": 0.005496445990073799, 
        "filter_outliers_dict": {
            "filter_outliers": true, 
            "iterations": 1, 
            "std_devs": 2
        }, 
        "fit": "linear", 
        "value": 2.17084690419314
    }, 
    "Ar39": {
        "error": 0.0210806196700051, 
        "filter_outliers_dict": {
            "filter_outliers": true, 
            "iterations": 1, 
            "std_devs": 2
        }, 
        "fit": "Linear", 
        "value": 142.80114827788043
    }, 
    "Ar40": {
        "error": 0.0728200312198642, 
        "filter_outliers_dict": {
            "filter_outliers": true, 
            "iterations": 1, 
            "std_devs": 2
        }, 
        "fit": "Linear", 
        "value": 1681.598535970545
    }, 
    "PM41": {
        "error": 0.08391393851206405, 
        "filter_outliers_dict": {
            "filter_outliers": false, 
            "iterations": 1, 
            "std_devs": 2
        }, 
        "fit": "linear", 
        "value": -0.033537543077190424
    }
}