{
    "Ar36": {
        "error": 0.0003782814623209157, 
        "filter_outliers_dict": {
            "filter_outliers": true, 
            "iterations": 1, 
            "std_devs": 2
        }, 
        "fit": "Linear", 
        "value": 0.02984921598753916
    }, 
    "Ar37": {
        "error": 0.012003033447337563, 
        "filter_outliers_dict": {
            "filter_outliers": true, 
            "iterations": 1, 
            "std_devs": 2
        }, 
        "fit": "linear", 
        "value": 0.5199311610621787
    }, 
    "Ar38": {
        "error": 0.005855256175145025, 
        "filter_outliers_dict": {
            "filter_outliers": true, 
            "iterations": 1, 
            "std_devs": 2
        }, 
        "fit": "linear", 
        "value": 3.782329214272314
    }, 
    "Ar39": {
        "error": 0.030864035088223885, 
        "filter_outliers_dict": {
            "filter_outliers": true, 
            "iterations": 1, 
            "std_devs": 2
        }, 
        "fit": "Linear", 
        "value": 283.84977212756496
    }, 
    "Ar40": {
        "error": 0.05356635498248804, 
        "filter_outliers_dict": {
            "filter_outliers": true, 
            "iterations": 1, 
            "std_devs": 2
        }, 
        "fit": "Linear", 
        "value": 1181.4177268003923
    }, 
    "PM41": {
        "error": 0.06710996522607045, 
        "filter_outliers_dict": {
            "filter_outliers": false, 
            "iterations": 1, 
            "std_devs": 2
        }, 
        "fit": "linear", 
        "value": -0.0719570962509116
    }
}