{
    "Ar36": {
        "error": 0.0003414341962971569, 
        "filter_outliers_dict": {
            "filter_outliers": true, 
            "iterations": 1, 
            "std_devs": 2
        }, 
        "fit": "Parabolic", 
        "value": 0.027134685871964694
    }, 
    "Ar37": {
        "error": 0.005058464731158174, 
        "filter_outliers_dict": {
            "filter_outliers": true, 
            "iterations": 1, 
            "std_devs": 2
        }, 
        "fit": "linear", 
        "value": 0.03608977913437067
    }, 
    "Ar38": {
        "error": 0.0022154905611886898, 
        "filter_outliers_dict": {
            "filter_outliers": true, 
            "iterations": 1, 
            "std_devs": 2
        }, 
        "fit": "linear", 
        "value": 0.7939730945077619
    }, 
    "Ar39": {
        "error": 0.012910967568385844, 
        "filter_outliers_dict": {
            "filter_outliers": true, 
            "iterations": 1, 
            "std_devs": 2
        }, 
        "fit": "Parabolic", 
        "value": 62.85491071648582
    }, 
    "Ar40": {
        "error": 0.03517382456114881, 
        "filter_outliers_dict": {
            "filter_outliers": true, 
            "iterations": 1, 
            "std_devs": 2
        }, 
        "fit": "Parabolic", 
        "value": 781.5056578449037
    }, 
    "PM41": {
        "error": 0.06741159874929004, 
        "filter_outliers_dict": {
            "filter_outliers": false, 
            "iterations": 1, 
            "std_devs": 2
        }, 
        "fit": "linear", 
        "value": -0.1500428748803085
    }
}